l_wrist_x;l_wrist_y;l_wrist_z;l_thumb_cmc_x;l_thumb_cmc_y;l_thumb_cmc_z;l_thumb_mcp_x;l_thumb_mcp_y;l_thumb_mcp_z;l_thumb_ip_x;l_thumb_ip_y;l_thumb_ip_z;l_thumb_tip_x;l_thumb_tip_y;l_thumb_tip_z;l_index_finger_mcp_x;l_index_finger_mcp_y;l_index_finger_mcp_z;l_index_finger_pip_x;l_index_finger_pip_y;l_index_finger_pip_z;l_index_finger_dip_x;l_index_finger_dip_y;l_index_finger_dip_z;l_index_finger_tip_x;l_index_finger_tip_y;l_index_finger_tip_z;l_middle_finger_mcp_x;l_middle_finger_mcp_y;l_middle_finger_mcp_z;l_middle_finger_pip_x;l_middle_finger_pip_y;l_middle_finger_pip_z;l_middle_finger_dip_x;l_middle_finger_dip_y;l_middle_finger_dip_z;l_middle_finger_tip_x;l_middle_finger_tip_y;l_middle_finger_tip_z;l_ring_finger_mcp_x;l_ring_finger_mcp_y;l_ring_finger_mcp_z;l_ring_finger_pip_x;l_ring_finger_pip_y;l_ring_finger_pip_z;l_ring_finger_dip_x;l_ring_finger_dip_y;l_ring_finger_dip_z;l_ring_finger_tip_x;l_ring_finger_tip_y;l_ring_finger_tip_z;l_pinky_mcp_x;l_pinky_mcp_y;l_pinky_mcp_z;l_pinky_pip_x;l_pinky_pip_y;l_pinky_pip_z;l_pinky_dip_x;l_pinky_dip_y;l_pinky_dip_z;l_pinky_tip_x;l_pinky_tip_y;l_pinky_tip_z;r_wrist_x;r_wrist_y;r_wrist_z;r_thumb_cmc_x;r_thumb_cmc_y;r_thumb_cmc_z;r_thumb_mcp_x;r_thumb_mcp_y;r_thumb_mcp_z;r_thumb_ip_x;r_thumb_ip_y;r_thumb_ip_z;r_thumb_tip_x;r_thumb_tip_y;r_thumb_tip_z;r_index_finger_mcp_x;r_index_finger_mcp_y;r_index_finger_mcp_z;r_index_finger_pip_x;r_index_finger_pip_y;r_index_finger_pip_z;r_index_finger_dip_x;r_index_finger_dip_y;r_index_finger_dip_z;r_index_finger_tip_x;r_index_finger_tip_y;r_index_finger_tip_z;r_middle_finger_mcp_x;r_middle_finger_mcp_y;r_middle_finger_mcp_z;r_middle_finger_pip_x;r_middle_finger_pip_y;r_middle_finger_pip_z;r_middle_finger_dip_x;r_middle_finger_dip_y;r_middle_finger_dip_z;r_middle_finger_tip_x;r_middle_finger_tip_y;r_middle_finger_tip_z;r_ring_finger_mcp_x;r_ring_finger_mcp_y;r_ring_finger_mcp_z;r_ring_finger_pip_x;r_ring_finger_pip_y;r_ring_finger_pip_z;r_ring_finger_dip_x;r_ring_finger_dip_y;r_ring_finger_dip_z;r_ring_finger_tip_x;r_ring_finger_tip_y;r_ring_finger_tip_z;r_pinky_mcp_x;r_pinky_mcp_y;r_pinky_mcp_z;r_pinky_pip_x;r_pinky_pip_y;r_pinky_pip_z;r_pinky_dip_x;r_pinky_dip_y;r_pinky_dip_z;r_pinky_tip_x;r_pinky_tip_y;r_pinky_tip_z;state
0.8558001518249512;0.701187014579773;4.0753272401161666e-07;0.7811177372932434;0.7008707523345947;-0.006929090246558189;0.7254970073699951;0.7255063056945801;-0.006118341349065304;0.6800690293312073;0.7557753920555115;-0.0036726936232298613;0.6571682095527649;0.7859335541725159;-4.2724175727926195e-05;0.7568221092224121;0.8505768775939941;0.00994426291435957;0.7243526577949524;0.929100751876831;0.017343787476420403;0.7087072730064392;0.9697405099868774;0.02002643048763275;0.6996703743934631;1.001664400100708;0.02160833775997162;0.7939515709877014;0.8751932382583618;0.01470981352031231;0.7646748423576355;0.9612134695053101;0.023210756480693817;0.7484670877456665;1.0045806169509888;0.025496236979961395;0.7376967072486877;1.033742070198059;0.026854440569877625;0.8287479281425476;0.8813722133636475;0.018782762810587883;0.8073750138282776;0.9568384885787964;0.0278629083186388;0.7917304039001465;0.9918190240859985;0.031754810363054276;0.7794567346572876;1.0158189535140991;0.033490121364593506;0.8594979047775269;0.8728903532028198;0.021764738485217094;0.8474129438400269;0.928655207157135;0.030519604682922363;0.8361513018608093;0.9553149938583374;0.037852317094802856;0.8267845511436462;0.9717869162559509;0.04366844892501831;0.5863635540008545;0.44504207372665405;1.3297136547407717e-07;0.5554320812225342;0.45342856645584106;-0.019692298024892807;0.5217464566230774;0.474504679441452;-0.029883280396461487;0.49133118987083435;0.4920614957809448;-0.039217282086610794;0.46786123514175415;0.5084580183029175;-0.048454899340867996;0.5198502540588379;0.5563856363296509;-0.013364512473344803;0.5029409527778625;0.6010438799858093;-0.025497034192085266;0.4965771436691284;0.6310451030731201;-0.0374532975256443;0.49140194058418274;0.6603262424468994;-0.04704021289944649;0.5381832718849182;0.5733265280723572;-0.012669919058680534;0.5258373618125916;0.6273288726806641;-0.02224452793598175;0.520455002784729;0.6605469584465027;-0.033522870391607285;0.515702486038208;0.6937539577484131;-0.043072834610939026;0.5579993724822998;0.5777612924575806;-0.014354000799357891;0.5476887822151184;0.627327024936676;-0.023190125823020935;0.5431337356567383;0.6575000286102295;-0.030611349269747734;0.5387791395187378;0.6873131394386292;-0.03680894523859024;0.5797773003578186;0.5715153217315674;-0.018371354788541794;0.5754019618034363;0.6098577380180359;-0.025519464164972305;0.5724826455116272;0.6339606642723083;-0.028221817687153816;0.5700568556785583;0.6582999229431152;-0.030669119209051132;solder
0.5858556032180786;0.4421238303184509;-4.344037662917799e-08;0.5480281710624695;0.46135661005973816;-0.01574750617146492;0.5127847790718079;0.49427682161331177;-0.02322153002023697;0.4817696809768677;0.518508791923523;-0.03131832182407379;0.45589613914489746;0.535791277885437;-0.039301853626966476;0.5127235651016235;0.5858758091926575;-0.0030360803939402103;0.49553316831588745;0.6332842707633972;-0.012368765659630299;0.49136534333229065;0.6593936681747437;-0.023988505825400352;0.48760631680488586;0.6871073246002197;-0.0338907353579998;0.5331875085830688;0.597778856754303;-0.004002400673925877;0.5202381014823914;0.6546686887741089;-0.009482058696448803;0.5156887769699097;0.6834819316864014;-0.018851207569241524;0.5104581117630005;0.7117468118667603;-0.02815288119018078;0.5565646290779114;0.5976988673210144;-0.007880659773945808;0.5480724573135376;0.6512474417686462;-0.012778515927493572;0.545007050037384;0.6782670021057129;-0.01815005950629711;0.541753888130188;0.7050096392631531;-0.02441837266087532;0.5816677212715149;0.5865219831466675;-0.014274860732257366;0.578403115272522;0.6271042823791504;-0.018257223069667816;0.5758290886878967;0.6519587635993958;-0.019488124176859856;0.5730023384094238;0.6789565682411194;-0.02212601900100708;0.8039646744728088;0.7295251488685608;6.830336474195065e-07;0.7309117317199707;0.7321571111679077;-0.03613205999135971;0.6758642792701721;0.7865621447563171;-0.04719476029276848;0.6364809274673462;0.8335403800010681;-0.049574024975299835;0.6130434274673462;0.8750607967376709;-0.04959503933787346;0.7255129814147949;0.8723772764205933;-0.03461756184697151;0.7029734253883362;0.9688199162483215;-0.03681962564587593;0.682232141494751;1.0213295221328735;-0.03454223647713661;0.6680210828781128;1.0538488626480103;-0.030702726915478706;0.7545981407165527;0.8912608623504639;-0.01281746756285429;0.7295922040939331;0.9787732362747192;-0.011527745053172112;0.7034823894500732;1.0188114643096924;-0.007955457083880901;0.6846522688865662;1.0376437902450562;-0.003258334007114172;0.7759365439414978;0.8969874978065491;0.008058291859924793;0.7523521184921265;0.968957781791687;0.01033979095518589;0.7314209342002869;1.003096342086792;0.014694208279252052;0.7151272296905518;1.0180226564407349;0.02007961831986904;0.7879380583763123;0.892274796962738;0.02619066834449768;0.7680297493934631;0.952674388885498;0.030193904414772987;0.7514764666557312;0.9781392812728882;0.03634273633360863;0.7382808327674866;0.9871240854263306;0.04323546588420868;solder
0.5712897181510925;0.459783673286438;2.1417633888631826e-07;0.536044716835022;0.4729280471801758;-0.017926553264260292;0.4995192289352417;0.4989081621170044;-0.026887109503149986;0.46671822667121887;0.5188813805580139;-0.03523925691843033;0.44173163175582886;0.5364248156547546;-0.04330192506313324;0.5043675899505615;0.5813528299331665;-0.009689624421298504;0.4882800579071045;0.6286643743515015;-0.020446063950657845;0.4823320209980011;0.6596965193748474;-0.03148604556918144;0.4764935076236725;0.6888992786407471;-0.04022154584527016;0.5247010588645935;0.5957815647125244;-0.00933424849063158;0.5122833847999573;0.6513646841049194;-0.0180035550147295;0.5072870850563049;0.6855230331420898;-0.028635678812861443;0.5031982660293579;0.7179242372512817;-0.03747963160276413;0.5463817715644836;0.5975304841995239;-0.011440937407314777;0.5383226275444031;0.6483162045478821;-0.019776806235313416;0.5341581106185913;0.6798048615455627;-0.027242526412010193;0.5310999751091003;0.709502100944519;-0.033411454409360886;0.5694652199745178;0.5894386172294617;-0.01572839915752411;0.5657519698143005;0.6274051666259766;-0.023013828322291374;0.5636383891105652;0.6525295376777649;-0.026518825441598892;0.5620758533477783;0.6779068112373352;-0.029408805072307587;0.5814303755760193;0.4791582226753235;-3.469991582960574e-08;0.5500015616416931;0.4951830506324768;-0.013239959254860878;0.5188891887664795;0.5284386873245239;-0.019068893045186996;0.49218761920928955;0.55535489320755;-0.026317859068512917;0.4660157263278961;0.5737693905830383;-0.03336258977651596;0.5229440331459045;0.6183422803878784;0.0016229089815169573;0.5018240213394165;0.6638407707214355;-0.0054782480001449585;0.49584370851516724;0.6831998825073242;-0.014618922024965286;0.48920321464538574;0.70616215467453;-0.02339647151529789;0.5394978523254395;0.6248832941055298;-0.0012706791749224067;0.5203434824943542;0.6764482855796814;-0.006561971269547939;0.513296365737915;0.6996973752975464;-0.016588959842920303;0.5047940015792847;0.7242213487625122;-0.02646103873848915;0.5590872764587402;0.6202912926673889;-0.00727851502597332;0.5441967248916626;0.667752206325531;-0.014072375372052193;0.5365333557128906;0.6894358396530151;-0.02231432870030403;0.5278814435005188;0.7131872177124023;-0.030513420701026917;0.5808257460594177;0.6072655916213989;-0.015180429443717003;0.5741379857063293;0.642176628112793;-0.02118813619017601;0.5700073838233948;0.6630394458770752;-0.024930743500590324;0.5643193125724792;0.6879585981369019;-0.029796052724123;solder
0.5746505260467529;0.46576738357543945;-8.439388743397558e-09;0.5359894037246704;0.48038992285728455;-0.02136971615254879;0.4987786114215851;0.5124961733818054;-0.028853856027126312;0.46650388836860657;0.5392646193504333;-0.03560198098421097;0.4370988607406616;0.5547565817832947;-0.04183919355273247;0.5062326192855835;0.6091935038566589;-0.0015892202500253916;0.4864822030067444;0.6548106670379639;-0.005878708325326443;0.4812691807746887;0.6759195923805237;-0.01415114477276802;0.47610509395599365;0.7014803886413574;-0.0224040225148201;0.5261217951774597;0.6201871633529663;0.0016119704814627767;0.5110734105110168;0.6734724640846252;0.0014913027407601476;0.505606472492218;0.699203372001648;-0.005624581594020128;0.4983278810977936;0.7251293659210205;-0.01417150441557169;0.54934161901474;0.6191855669021606;0.0011785579845309258;0.539929986000061;0.6668915152549744;0.00035890855360776186;0.5363975167274475;0.6908819079399109;-0.005320916883647442;0.5310018658638;0.7179647088050842;-0.012693280354142189;0.5749422311782837;0.6087513566017151;-0.002349880523979664;0.5719365477561951;0.6450490355491638;-0.0029024649411439896;0.569720983505249;0.6675354242324829;-0.004116940312087536;0.5656118392944336;0.6931782364845276;-0.007626661099493504;0.5655379891395569;0.47058337926864624;2.3643036684006802e-07;0.5288386940956116;0.4810793697834015;-0.018322603777050972;0.4925113022327423;0.5057002305984497;-0.027121858671307564;0.46170875430107117;0.5267961621284485;-0.03484216704964638;0.4374236464500427;0.5441487431526184;-0.0422808974981308;0.5010361075401306;0.5866361856460571;-0.012092835269868374;0.48687413334846497;0.634078860282898;-0.022720178589224815;0.4813674986362457;0.6654160022735596;-0.03284335136413574;0.47649216651916504;0.6946914792060852;-0.04089948534965515;0.522364616394043;0.6006386876106262;-0.011694444343447685;0.5133958458900452;0.6551361083984375;-0.020822593942284584;0.5089203715324402;0.6895480155944824;-0.030477790161967278;0.5055144429206848;0.7213992476463318;-0.038044560700654984;0.5444932579994202;0.6011152267456055;-0.013655466958880424;0.5391160249710083;0.6514281630516052;-0.022640446200966835;0.5357711911201477;0.6829100847244263;-0.029403548687696457;0.5322977900505066;0.7141087651252747;-0.034614481031894684;0.5675128102302551;0.592037558555603;-0.017685560509562492;0.5653269290924072;0.6293288469314575;-0.026456186547875404;0.5635245442390442;0.6532434821128845;-0.030266018584370613;0.5610296726226807;0.6780795454978943;-0.0326676182448864;solder
0.8206381797790527;0.7288098931312561;5.334806019163807e-07;0.7433251738548279;0.7716569900512695;-0.024499738588929176;0.6793601512908936;0.845158576965332;-0.021503034979104996;0.6352804899215698;0.9026343822479248;-0.013999936170876026;0.6119498014450073;0.9597469568252563;-0.001333925174549222;0.7208864092826843;0.9377835392951965;0.03262758255004883;0.6849010586738586;1.0282065868377686;0.04488356038928032;0.6555788516998291;1.0625524520874023;0.047308605164289474;0.638464093208313;1.0797300338745117;0.0507872998714447;0.7426312565803528;0.9474853873252869;0.050177231431007385;0.7027086019515991;1.0370756387710571;0.06824324280023575;0.6721692681312561;1.0684620141983032;0.06935810297727585;0.6535172462463379;1.0826598405838013;0.07160234451293945;0.7576192617416382;0.9497014880180359;0.063038170337677;0.7171375751495361;1.0269488096237183;0.0808691531419754;0.6918476819992065;1.0566543340682983;0.0910123959183693;0.6738662123680115;1.0730595588684082;0.09914220124483109;0.7612784504890442;0.9391714334487915;0.07179924100637436;0.7284974455833435;1.0125253200531006;0.09067961573600769;0.7050282955169678;1.0429710149765015;0.10576868802309036;0.6890137791633606;1.0592257976531982;0.11867847293615341;0.5580983757972717;0.4796827733516693;2.3513052838097792e-07;0.521457850933075;0.4885012209415436;-0.019843673333525658;0.4854747951030731;0.5118348002433777;-0.029449041932821274;0.45432454347610474;0.5321803092956543;-0.03753744810819626;0.42969197034835815;0.5499918460845947;-0.04538406804203987;0.49238231778144836;0.5929415225982666;-0.014925562776625156;0.47812914848327637;0.6412774324417114;-0.026106882840394974;0.4727213680744171;0.6725661158561707;-0.03652791306376457;0.46780717372894287;0.701704204082489;-0.04470019415020943;0.5139912962913513;0.6072720885276794;-0.01377872284501791;0.5044440031051636;0.662443995475769;-0.02318263053894043;0.500059187412262;0.6966976523399353;-0.033148523420095444;0.49664968252182007;0.7280550003051758;-0.040975965559482574;0.5364285111427307;0.6080231666564941;-0.01493642758578062;0.5306679010391235;0.6579870581626892;-0.023988623172044754;0.5269568562507629;0.689486026763916;-0.030984627082943916;0.5230433940887451;0.720151424407959;-0.03648887574672699;0.5597516298294067;0.5991396307945251;-0.018225742504000664;0.5572060346603394;0.635851263999939;-0.02673424407839775;0.5544530749320984;0.6589298844337463;-0.03040027804672718;0.5509786009788513;0.6825160980224609;-0.03287561237812042;solder
0.8000600337982178;0.7446689009666443;6.133963097454398e-07;0.7231263518333435;0.7725079655647278;-0.02789040096104145;0.6628783345222473;0.8318954706192017;-0.029698504135012627;0.6153226494789124;0.8804080486297607;-0.024325229227542877;0.5875445008277893;0.9298650622367859;-0.014009280130267143;0.7104071378707886;0.9397064447402954;0.008595261722803116;0.6709019541740417;1.0256807804107666;0.023567546159029007;0.6459583044052124;1.0651891231536865;0.03244169056415558;0.6321179270744324;1.0899121761322021;0.04019781947135925;0.7387983202934265;0.9447122812271118;0.03182181343436241;0.6965140700340271;1.0221242904663086;0.05296865850687027;0.6686317920684814;1.049532175064087;0.06497795134782791;0.6507402658462524;1.0612016916275024;0.07485722750425339;0.7582175731658936;0.9405167102813721;0.05235821381211281;0.719179630279541;1.0027860403060913;0.07244066894054413;0.694022536277771;1.02805757522583;0.08885245770215988;0.674475371837616;1.0419820547103882;0.10091549158096313;0.7638146877288818;0.9256229996681213;0.06939974427223206;0.7299268841743469;0.9816272258758545;0.09049710631370544;0.7064687609672546;1.0062870979309082;0.10872528702020645;0.6900833249092102;1.0178571939468384;0.12365546077489853;0.5658130049705505;0.4945118725299835;2.706350983316952e-07;0.5363464951515198;0.5053921937942505;-0.025125185027718544;0.5052236318588257;0.5319163799285889;-0.03550302982330322;0.47565513849258423;0.5542593002319336;-0.042765822261571884;0.45304712653160095;0.5740436315536499;-0.049197908490896225;0.5077513456344604;0.6114293932914734;-0.017240621149539948;0.4957754909992218;0.6614205837249756;-0.02708655595779419;0.49180418252944946;0.6936362981796265;-0.03675944358110428;0.48825573921203613;0.7233040928840637;-0.04437156394124031;0.5275623798370361;0.6252409219741821;-0.011823483742773533;0.5207386612892151;0.6819539666175842;-0.019620025530457497;0.5180344581604004;0.7175530791282654;-0.028923723846673965;0.5166600346565247;0.7487179040908813;-0.036228522658348083;0.5472874045372009;0.6259825229644775;-0.009083415381610394;0.5436345934867859;0.6767575144767761;-0.016704391688108444;0.5421404838562012;0.7081000804901123;-0.024190403521060944;0.541106104850769;0.7376088500022888;-0.029792392626404762;0.5669546723365784;0.616875171661377;-0.008942619897425175;0.5662647485733032;0.6543498635292053;-0.016531988978385925;0.5659968256950378;0.6777594089508057;-0.02104092761874199;0.5652543306350708;0.701124370098114;-0.02390890382230282;solder
0.5621162056922913;0.5944307446479797;-1.6309803640979226e-07;0.5962880849838257;0.6387220621109009;0.011568261310458183;0.6155782341957092;0.6933169364929199;0.016270076856017113;0.6208493709564209;0.7377949357032776;0.014711329713463783;0.6167290210723877;0.7686660289764404;0.013813797384500504;0.581587016582489;0.7778586745262146;0.03827504813671112;0.584363579750061;0.8443840742111206;0.04263124242424965;0.5893861055374146;0.8656325936317444;0.04037142172455788;0.5908229351043701;0.8818904757499695;0.03684208169579506;0.5751026272773743;0.7798199653625488;0.025064785033464432;0.577909529209137;0.8559471368789673;0.02900807186961174;0.5835722088813782;0.8799507021903992;0.025893699377775192;0.5851630568504333;0.8913686275482178;0.022376807406544685;0.5717160105705261;0.7754501700401306;0.009404255077242851;0.574151337146759;0.8452582955360413;0.012010945938527584;0.5794310569763184;0.8662918210029602;0.012685952708125114;0.5814695954322815;0.8791260719299316;0.011113980785012245;0.5699601769447327;0.7691513299942017;-0.00669031823053956;0.5723114013671875;0.8238644003868103;-0.0034449496306478977;0.575403094291687;0.8479942083358765;0.00021811715851072222;0.5762110948562622;0.8652569055557251;0.0010793562978506088;0.567537248134613;0.5988942980766296;2.047674030336566e-07;0.600925087928772;0.6417427659034729;-0.01102516520768404;0.6141840815544128;0.6918893456459045;-0.016672661527991295;0.6179950833320618;0.7314749956130981;-0.02249939553439617;0.6152740716934204;0.7655028104782104;-0.0271044559776783;0.5788301825523376;0.7480951547622681;0.0006736977375112474;0.5780383944511414;0.8076618909835815;-0.009781035594642162;0.5784057378768921;0.8461952805519104;-0.020227408036589622;0.5775529146194458;0.8795269131660461;-0.027459675446152687;0.5712893009185791;0.7466686964035034;-0.0011207654606550932;0.5707417726516724;0.8070971965789795;-0.00876828096807003;0.5724529027938843;0.8458257913589478;-0.015651032328605652;0.5720024704933167;0.8794633746147156;-0.020890526473522186;0.5681801438331604;0.740739643573761;-0.0058144014328718185;0.5696858167648315;0.795554518699646;-0.011918822303414345;0.5720589756965637;0.8332347869873047;-0.013602780178189278;0.5712260007858276;0.864940881729126;-0.014894259162247181;0.5693196058273315;0.7307232022285461;-0.012629651464521885;0.5702467560768127;0.7762488126754761;-0.016017993912100792;0.5707340240478516;0.8083713054656982;-0.015207542106509209;0.569756031036377;0.8360104560852051;-0.014740072190761566;solder
0.545573353767395;0.5850235819816589;7.098829968299469e-08;0.5803897976875305;0.6294420957565308;-0.005360873881727457;0.5971818566322327;0.6844584941864014;-0.008127144537866116;0.5993756651878357;0.7280815243721008;-0.012618530541658401;0.5953782200813293;0.7629046440124512;-0.01603960245847702;0.5603019595146179;0.746005654335022;0.008877142332494259;0.5588985681533813;0.8083626627922058;0.0023773941211402416;0.5590344667434692;0.8463262915611267;-0.005278103984892368;0.5580288767814636;0.8774853348731995;-0.01102583296597004;0.5501663088798523;0.7462735176086426;0.003999965265393257;0.5496003031730652;0.8105363845825195;-0.0004995884373784065;0.5517419576644897;0.8478173613548279;-0.005838796496391296;0.550883948802948;0.877303421497345;-0.010338917374610901;0.5449146032333374;0.7425957918167114;-0.0036004791036248207;0.5468125939369202;0.801173210144043;-0.0071397582069039345;0.5496549606323242;0.8360288143157959;-0.008040274493396282;0.5489457249641418;0.8634658455848694;-0.009472694247961044;0.5431498885154724;0.7355314493179321;-0.012956758961081505;0.5449455976486206;0.784091591835022;-0.014252150431275368;0.5452247858047485;0.81538325548172;-0.012462043203413486;0.5439717173576355;0.8394132256507874;-0.011795634403824806;0.5534334182739258;0.6088138818740845;2.3015928718450596e-07;0.5841229557991028;0.6417531967163086;-0.02093341387808323;0.5962428450584412;0.6894958019256592;-0.029682105407118797;0.5999379754066467;0.7290151119232178;-0.03600086644291878;0.596074104309082;0.7615762948989868;-0.04076525941491127;0.5584961175918579;0.7411245107650757;-0.014258293434977531;0.5560604333877563;0.801792323589325;-0.02690010331571102;0.5562412142753601;0.8422106504440308;-0.03781701624393463;0.5565897226333618;0.8766298294067383;-0.04515291005373001;0.5512528419494629;0.7438446283340454;-0.010232831351459026;0.5486114025115967;0.804767370223999;-0.021140320226550102;0.5503710508346558;0.8461868762969971;-0.029793035238981247;0.5514364242553711;0.8829575777053833;-0.035827141255140305;0.5494716763496399;0.74223792552948;-0.008971713483333588;0.5480836033821106;0.7976033687591553;-0.01874905824661255;0.5488907098770142;0.8350657224655151;-0.024064557626843452;0.5482532382011414;0.866885781288147;-0.027049468830227852;0.5529124140739441;0.7372885942459106;-0.010089627467095852;0.5514647960662842;0.7825338840484619;-0.01694817654788494;0.5510541796684265;0.8139598369598389;-0.01969553716480732;0.5501983761787415;0.8412299752235413;-0.021364443004131317;solder
0.5477001667022705;0.5981007218360901;2.51203971401992e-07;0.5807279944419861;0.6353260278701782;-0.020703792572021484;0.5948958396911621;0.6851243376731873;-0.02881637029349804;0.6004917025566101;0.728007435798645;-0.0339079275727272;0.5963656902313232;0.7606151700019836;-0.03717733919620514;0.5535302758216858;0.7350485920906067;-0.012715136632323265;0.5512748956680298;0.800977885723114;-0.02279021218419075;0.5521222352981567;0.8429887294769287;-0.03150546923279762;0.5527793169021606;0.8770884871482849;-0.0370396189391613;0.5440878868103027;0.7389139533042908;-0.006496824324131012;0.5437151789665222;0.8038473725318909;-0.01510163675993681;0.5452960133552551;0.8451756834983826;-0.021461131051182747;0.5458083152770996;0.8789430260658264;-0.025765812024474144;0.5416979789733887;0.7387198805809021;-0.0028622334357351065;0.5436016917228699;0.7983113527297974;-0.01046715211123228;0.5453058481216431;0.8366328477859497;-0.014472355134785175;0.5449631214141846;0.8675879240036011;-0.016424542292952538;0.546224057674408;0.7365373373031616;-0.0014111261116340756;0.5479320883750916;0.7848665118217468;-0.006142744328826666;0.548223078250885;0.8170576691627502;-0.007832295261323452;0.5473032593727112;0.8449380397796631;-0.00863143615424633;0.5478726625442505;0.6107891201972961;2.5342254161841993e-07;0.5789587497711182;0.6371492743492126;-0.027852095663547516;0.5943542718887329;0.6843985319137573;-0.03888406604528427;0.6006107330322266;0.7269613742828369;-0.04454584792256355;0.5964018106460571;0.7594040632247925;-0.04822926968336105;0.5531666874885559;0.7329634428024292;-0.02626391500234604;0.5514010190963745;0.7996930480003357;-0.038306184113025665;0.5521654486656189;0.8428036570549011;-0.047407861799001694;0.5529499053955078;0.8774378895759583;-0.05262163653969765;0.5440443158149719;0.7365624308586121;-0.015437213703989983;0.543385922908783;0.8004757761955261;-0.025765584781765938;0.5457166433334351;0.8439049124717712;-0.0322868749499321;0.5472937822341919;0.8788337707519531;-0.03608604148030281;0.5415863990783691;0.7371636033058167;-0.006837913766503334;0.5429227352142334;0.7943899035453796;-0.01618882827460766;0.5445929765701294;0.8340568542480469;-0.021391596645116806;0.5447911620140076;0.8665505051612854;-0.023498855531215668;0.5451634526252747;0.7364742159843445;-0.0005349494749680161;0.5457541346549988;0.7836212515830994;-0.006962388753890991;0.5463722348213196;0.8163084983825684;-0.009764247573912144;0.5459042191505432;0.844054639339447;-0.010812466964125633;solder
0.5448840260505676;0.6054989099502563;2.253458433187916e-07;0.5816883444786072;0.6312985420227051;-0.0278290044516325;0.6011672616004944;0.6835550665855408;-0.03756488114595413;0.6141278743743896;0.7281867861747742;-0.04093397781252861;0.615117073059082;0.7610048651695251;-0.04247812554240227;0.5586168766021729;0.7287817001342773;-0.0306953527033329;0.5606755018234253;0.7996091246604919;-0.04065864905714989;0.5644380450248718;0.8427205085754395;-0.04740733653306961;0.5674742460250854;0.8768857717514038;-0.05104253813624382;0.5475200414657593;0.7334316968917847;-0.017479773610830307;0.550595760345459;0.803200364112854;-0.026021752506494522;0.5566043853759766;0.846774697303772;-0.031540364027023315;0.5616592764854431;0.8819234371185303;-0.035005245357751846;0.5441668033599854;0.7337347865104675;-0.00566778052598238;0.5478335618972778;0.7946655750274658;-0.013270176015794277;0.5525355935096741;0.8348185420036316;-0.019782423973083496;0.5564023852348328;0.8666806221008301;-0.023215297609567642;0.5485506057739258;0.7326812148094177;0.004316594917327166;0.5516060590744019;0.781841516494751;-0.0017450018785893917;0.5549095273017883;0.8137627840042114;-0.00623442605137825;0.5570127964019775;0.8398179411888123;-0.008651118725538254;0.5456435680389404;0.6118413805961609;2.2220825712793157e-07;0.5822877883911133;0.6343540549278259;-0.02365489862859249;0.6028812527656555;0.6846619248390198;-0.031917084008455276;0.6154067516326904;0.7262983918190002;-0.03468279913067818;0.6143930554389954;0.7568227052688599;-0.03597555682063103;0.56199711561203;0.7325013875961304;-0.02695881575345993;0.5636777281761169;0.7985499501228333;-0.03724944591522217;0.567294716835022;0.840743899345398;-0.04427638277411461;0.5700657963752747;0.8735253810882568;-0.04814895614981651;0.5508719086647034;0.7363330125808716;-0.01673470064997673;0.5540196895599365;0.8026722073554993;-0.025596514344215393;0.5585185885429382;0.847087025642395;-0.03115670196712017;0.562460720539093;0.882199227809906;-0.03440319746732712;0.5461958646774292;0.7349853515625;-0.00785268284380436;0.5488447546958923;0.7943280339241028;-0.016143854707479477;0.552376925945282;0.8336332440376282;-0.022757140919566154;0.5559725165367126;0.8648268580436707;-0.026153573766350746;0.5483267307281494;0.7307430505752563;-0.0004932776791974902;0.5482186079025269;0.7754588723182678;-0.0081315403804183;0.5496348142623901;0.8050631284713745;-0.013415410183370113;0.5513275265693665;0.8294489979743958;-0.016188019886612892;solder
0.5926834344863892;0.6171560883522034;2.27479162617783e-07;0.5708605647087097;0.6526981592178345;-0.01351429708302021;0.5566945672035217;0.7012820243835449;-0.019317278638482094;0.5429286956787109;0.7422232627868652;-0.024625234305858612;0.5300074815750122;0.7728963494300842;-0.02967817708849907;0.5740325450897217;0.758876383304596;-0.007810624316334724;0.5764197707176208;0.8137944340705872;-0.01828679069876671;0.581564724445343;0.8466172814369202;-0.02756694331765175;0.5860766172409058;0.8750867247581482;-0.03447803482413292;0.595143735408783;0.7604221105575562;-0.008482251316308975;0.6039178371429443;0.8179256319999695;-0.017391985282301903;0.6112227439880371;0.852859377861023;-0.025844227522611618;0.6176198124885559;0.8826740980148315;-0.03168074041604996;0.6122320890426636;0.7492022514343262;-0.01122964546084404;0.6251248717308044;0.802556574344635;-0.020202670246362686;0.6344234943389893;0.8359842300415039;-0.027077244594693184;0.6421923637390137;0.8661694526672363;-0.03176552429795265;0.6263920664787292;0.727670431137085;-0.015470918267965317;0.6395291090011597;0.7629686594009399;-0.02439483255147934;0.6488504409790039;0.7859480977058411;-0.02832738868892193;0.6570330262184143;0.8083916902542114;-0.030287181958556175;0.5934499502182007;0.6186495423316956;2.403416772267519e-07;0.5709843039512634;0.6531410217285156;-0.013766899704933167;0.5565833449363708;0.7000256180763245;-0.020275302231311798;0.5436767339706421;0.7407220602035522;-0.026057269424200058;0.5314298868179321;0.772060215473175;-0.03148602321743965;0.5735935568809509;0.7577917575836182;-0.009888150729238987;0.5764775276184082;0.8130738735198975;-0.020746449008584023;0.5817140340805054;0.8466307520866394;-0.029987385496497154;0.5862311124801636;0.8754199147224426;-0.03675999864935875;0.5949128866195679;0.7596149444580078;-0.010590167716145515;0.6032903790473938;0.8170900344848633;-0.019828537479043007;0.6105175018310547;0.8525688052177429;-0.028198499232530594;0.6167288422584534;0.8822852969169617;-0.03388163819909096;0.6121323108673096;0.7490019202232361;-0.013225726783275604;0.62406325340271;0.8028447031974792;-0.022340554744005203;0.6328802108764648;0.8363544940948486;-0.02913760393857956;0.6400396227836609;0.8658545017242432;-0.03366167098283768;0.6265260577201843;0.7280903458595276;-0.017300421372056007;0.6393712162971497;0.7637397050857544;-0.02628783881664276;0.6483341455459595;0.7869026064872742;-0.030156927183270454;0.6561596393585205;0.8088691234588623;-0.03195592388510704;solder
0.5944004654884338;0.6157509684562683;2.916066250691074e-07;0.5598607063293457;0.6531416773796082;-0.015103520825505257;0.5345615744590759;0.6989607810974121;-0.021521031856536865;0.5138554573059082;0.7383319139480591;-0.027552105486392975;0.4993007183074951;0.7700520753860474;-0.03341236338019371;0.5756521224975586;0.7647092342376709;-0.004536180291324854;0.5766483545303345;0.8178458213806152;-0.013617138378322124;0.5794060230255127;0.8497938513755798;-0.023478779941797256;0.5821630954742432;0.8795281052589417;-0.0312705859541893;0.5989487171173096;0.7646837830543518;-0.005515029653906822;0.6036368012428284;0.8238888382911682;-0.013090378604829311;0.606361985206604;0.8606140613555908;-0.0226184893399477;0.6092596650123596;0.8924370408058167;-0.02997351624071598;0.6188822984695435;0.752048671245575;-0.00906146876513958;0.6266279220581055;0.8071391582489014;-0.017522243782877922;0.6303857564926147;0.8417027592658997;-0.024815797805786133;0.6336402297019958;0.8739079833030701;-0.030132783576846123;0.6369756460189819;0.730055570602417;-0.014399902895092964;0.6439350843429565;0.7708984017372131;-0.022982699796557426;0.6459598541259766;0.7974405884742737;-0.026790065690875053;0.6468655467033386;0.8239174485206604;-0.02910853922367096;0.5932638049125671;0.6070016622543335;1.7211334579769755e-07;0.5609445571899414;0.6493898034095764;-0.013260971754789352;0.5366895794868469;0.6987112760543823;-0.018627405166625977;0.5134270191192627;0.7387401461601257;-0.02463153749704361;0.49689286947250366;0.7707459330558777;-0.030529022216796875;0.5755335688591003;0.7671546339988708;0.0014001289382576942;0.5780425667762756;0.821505069732666;-0.0061484393663704395;0.581233024597168;0.8516330122947693;-0.01643650233745575;0.5836425423622131;0.8814411759376526;-0.0250026173889637;0.597952127456665;0.7650004029273987;-0.0006781431147828698;0.6042697429656982;0.8240389823913574;-0.006332767195999622;0.6079393029212952;0.8609161972999573;-0.016412055119872093;0.6117241382598877;0.8942784070968628;-0.02517489157617092;0.6173456907272339;0.7515403628349304;-0.005642925854772329;0.6250990033149719;0.8058592081069946;-0.011757280677556992;0.6293819546699524;0.8402834534645081;-0.01894902065396309;0.6330858469009399;0.8731251358985901;-0.025331299751996994;0.6344482898712158;0.7298325896263123;-0.012669806368649006;0.6414681077003479;0.7703195214271545;-0.018731076270341873;0.6446595788002014;0.796867847442627;-0.021648822352290154;0.64703369140625;0.8239670395851135;-0.024427399039268494;solder
0.598455011844635;0.6170384883880615;2.8963890486011223e-07;0.5654813051223755;0.6555103063583374;-0.015368032269179821;0.5406067371368408;0.7010121941566467;-0.02216595783829689;0.5195767879486084;0.7406042814254761;-0.02858002483844757;0.5047678351402283;0.772484540939331;-0.03474731370806694;0.5799776315689087;0.7644970417022705;-0.004738739691674709;0.5813889503479004;0.817712664604187;-0.014326171018183231;0.5842119455337524;0.8499906063079834;-0.024469297379255295;0.5867762565612793;0.8800753355026245;-0.03238009288907051;0.6034298539161682;0.7647725343704224;-0.005666741169989109;0.6090487837791443;0.824347972869873;-0.013875982724130154;0.6123419404029846;0.8613218665122986;-0.023930281400680542;0.6156200170516968;0.8939023017883301;-0.031625427305698395;0.6235112547874451;0.7524668574333191;-0.009137218818068504;0.6315812468528748;0.8063800930976868;-0.017873615026474;0.6354445815086365;0.8408932089805603;-0.02519821748137474;0.6387839913368225;0.8731429576873779;-0.030493734404444695;0.6416496634483337;0.7311027646064758;-0.014430769719183445;0.6483718752861023;0.771683394908905;-0.022863738238811493;0.6507539749145508;0.7982010841369629;-0.02640349045395851;0.6523402333259583;0.8246405124664307;-0.028536394238471985;0.5984621047973633;0.6148474216461182;2.7435649485596514e-07;0.5652587413787842;0.6537233591079712;-0.015578447841107845;0.5405857563018799;0.6999281048774719;-0.022237898781895638;0.5200028419494629;0.7399681210517883;-0.02857017330825329;0.5052707195281982;0.7719214558601379;-0.034623585641384125;0.5793655514717102;0.7640130519866943;-0.004241723567247391;0.5813485980033875;0.8181498050689697;-0.01354866474866867;0.5842956900596619;0.8507841229438782;-0.02350301295518875;0.5869718790054321;0.8809850215911865;-0.031270235776901245;0.6028735041618347;0.7643859386444092;-0.0048363106325268745;0.6090126633644104;0.8248953223228455;-0.012471605092287064;0.6126722097396851;0.8616336584091187;-0.02208692952990532;0.6161890029907227;0.8940445184707642;-0.029576782137155533;0.6229515075683594;0.7523218393325806;-0.008075939491391182;0.6310486793518066;0.8069902658462524;-0.016097668558359146;0.6353736519813538;0.8416526913642883;-0.022991236299276352;0.6391125321388245;0.8736783862113953;-0.028149833902716637;0.6411083936691284;0.7312074899673462;-0.01324861403554678;0.6478529572486877;0.7724494934082031;-0.020855795592069626;0.6507924795150757;0.7993392944335938;-0.02398093231022358;0.6530320048332214;0.8258030414581299;-0.025972822681069374;solder
0.5969663262367249;0.6165961027145386;2.7736490437746397e-07;0.5642536282539368;0.6529521346092224;-0.01593002863228321;0.5393094420433044;0.7015116214752197;-0.021963393315672874;0.5179768800735474;0.7417516708374023;-0.027458956465125084;0.5030699968338013;0.7739431262016296;-0.03258708491921425;0.5793800950050354;0.7663576602935791;-0.0036274089943617582;0.5813139081001282;0.8201349377632141;-0.01148943230509758;0.5843539237976074;0.8524423837661743;-0.020834047347307205;0.5867498517036438;0.8821645975112915;-0.028215019032359123;0.6022774577140808;0.7658446431159973;-0.003858291544020176;0.6089141368865967;0.825298547744751;-0.01011047512292862;0.6129326224327087;0.8632707595825195;-0.019397269934415817;0.615926206111908;0.8953018188476562;-0.026809999719262123;0.621871292591095;0.7538381218910217;-0.006727889180183411;0.6295496821403503;0.8075314164161682;-0.013406096026301384;0.6322712898254395;0.8409064412117004;-0.01985403522849083;0.6334355473518372;0.8714587688446045;-0.024847960099577904;0.6403886675834656;0.7330855131149292;-0.011643888428807259;0.6479001641273499;0.7743672132492065;-0.018355639651417732;0.6507607698440552;0.8016481399536133;-0.021104518324136734;0.6519547700881958;0.8296127915382385;-0.022959280759096146;0.5970233678817749;0.6158076524734497;2.721567682328896e-07;0.5643738508224487;0.652692437171936;-0.01567268557846546;0.539121687412262;0.7015376091003418;-0.0213718730956316;0.517845869064331;0.7421082854270935;-0.026633011177182198;0.5032212138175964;0.7741239666938782;-0.03148317709565163;0.5791444778442383;0.7663367986679077;-0.0023516316432505846;0.581285834312439;0.8201920390129089;-0.010027495212852955;0.584499716758728;0.8525795936584473;-0.019336463883519173;0.5869296789169312;0.8822932839393616;-0.026698624715209007;0.6019578576087952;0.7657548189163208;-0.002654426032677293;0.6087757349014282;0.8255247473716736;-0.00878168921917677;0.6128860116004944;0.8634582161903381;-0.018125655129551888;0.6159630417823792;0.8955155611038208;-0.02556489035487175;0.6214905977249146;0.7539070248603821;-0.005662418436259031;0.6292844414710999;0.8079371452331543;-0.012272817082703114;0.632239818572998;0.8412328362464905;-0.018699755892157555;0.633697509765625;0.8716225624084473;-0.023661257699131966;0.6399468183517456;0.7334591150283813;-0.010734198614954948;0.6474844217300415;0.7749444246292114;-0.017262663692235947;0.6503113508224487;0.8022593259811401;-0.01991574466228485;0.6515300869941711;0.8302507996559143;-0.021724743768572807;solder
0.5950487852096558;0.6153231859207153;2.668731156063586e-07;0.5615817904472351;0.6524158716201782;-0.015943119302392006;0.5358075499534607;0.7002670168876648;-0.02244511991739273;0.5137896537780762;0.7402826547622681;-0.028472958132624626;0.49867305159568787;0.7716732621192932;-0.034143269062042236;0.5747278332710266;0.7647923827171326;-0.004406455904245377;0.575870931148529;0.8184556365013123;-0.012988360598683357;0.5791725516319275;0.8507473468780518;-0.022741423919796944;0.5819024443626404;0.8804314136505127;-0.030339322984218597;0.5975741744041443;0.7645120620727539;-0.004758833441883326;0.6030070781707764;0.8240078687667847;-0.011608654633164406;0.6071296334266663;0.8619586229324341;-0.020948639139533043;0.6106805801391602;0.8940411806106567;-0.028255319222807884;0.6171311140060425;0.7528986930847168;-0.007743172813206911;0.6240624189376831;0.8078617453575134;-0.014949255622923374;0.6274405717849731;0.8423891067504883;-0.021653642877936363;0.6299948692321777;0.8731881380081177;-0.026666153222322464;0.6353853940963745;0.7325842380523682;-0.012714668177068233;0.6428573131561279;0.7735046744346619;-0.01961430534720421;0.6457884907722473;0.8010903596878052;-0.02240198478102684;0.6477597951889038;0.8281164765357971;-0.024181846529245377;0.5950309038162231;0.6148446798324585;2.631956590448681e-07;0.5614742636680603;0.6519169211387634;-0.015701521188020706;0.5356773138046265;0.7002519369125366;-0.021954113617539406;0.5137730836868286;0.7403685450553894;-0.027786945924162865;0.49859219789505005;0.7715871930122375;-0.03325723484158516;0.5746915340423584;0.7647996544837952;-0.0038852866273373365;0.5761898756027222;0.8186779618263245;-0.012337191961705685;0.579509973526001;0.8509937524795532;-0.02196069061756134;0.5820009112358093;0.880544126033783;-0.02944784425199032;0.5975840091705322;0.7644444108009338;-0.004280217457562685;0.603251576423645;0.8240501880645752;-0.010984410531818867;0.6071755886077881;0.8618557453155518;-0.02022082917392254;0.6103059649467468;0.8937799334526062;-0.027450881898403168;0.6171911358833313;0.7529404163360596;-0.007328461389988661;0.6242916584014893;0.8079081773757935;-0.014408075250685215;0.627581775188446;0.8424737453460693;-0.02111307717859745;0.629859209060669;0.8732616305351257;-0.02614974044263363;0.6354518532752991;0.7327964901924133;-0.012358110398054123;0.6430792212486267;0.7737314105033875;-0.019145771861076355;0.6460272669792175;0.8012184500694275;-0.021936919540166855;0.6479024887084961;0.8280940651893616;-0.02373737096786499;solder
0.5923672318458557;0.6148537397384644;2.6642734951565217e-07;0.5579789876937866;0.6509391069412231;-0.01504569686949253;0.532156229019165;0.699745237827301;-0.020792052149772644;0.5107370615005493;0.7398433089256287;-0.026159489527344704;0.4950729310512543;0.7704719305038452;-0.03115111030638218;0.5706710815429688;0.7658156156539917;-0.0035616522654891014;0.5719625949859619;0.8200265169143677;-0.011676701717078686;0.5751219987869263;0.8529304265975952;-0.02095986157655716;0.5776484608650208;0.8826280236244202;-0.02825860120356083;0.5936029553413391;0.7660452127456665;-0.004217095207422972;0.5987290143966675;0.8254890441894531;-0.010684801265597343;0.6022251844406128;0.8636313676834106;-0.019753647968173027;0.6054056286811829;0.8954560160636902;-0.0267876498401165;0.6134597659111023;0.7548558712005615;-0.007413191255182028;0.6206431984901428;0.8092024326324463;-0.01418866217136383;0.6236630082130432;0.8437644243240356;-0.02071591652929783;0.6259786486625671;0.8750452995300293;-0.02568701095879078;0.6319475769996643;0.7348427176475525;-0.012538235634565353;0.639207124710083;0.7752158641815186;-0.019049249589443207;0.6415168046951294;0.8020381331443787;-0.021680276840925217;0.6426118612289429;0.8286782503128052;-0.02339784987270832;0.592447817325592;0.6147326231002808;2.6441216505190823e-07;0.557986319065094;0.6508658528327942;-0.01501334086060524;0.5321257710456848;0.6996974349021912;-0.020787876099348068;0.5106990337371826;0.7398381233215332;-0.026191892102360725;0.49503007531166077;0.7705550789833069;-0.031201140955090523;0.5706101655960083;0.7657936811447144;-0.0035500305239111185;0.5719505548477173;0.8200578093528748;-0.011651040986180305;0.5751985907554626;0.8529618978500366;-0.020904501900076866;0.5777887105941772;0.8826294541358948;-0.02818305790424347;0.5934877991676331;0.766034722328186;-0.004230674356222153;0.5986144542694092;0.8255353569984436;-0.010681080631911755;0.6021257638931274;0.8637545108795166;-0.019742438569664955;0.6053348779678345;0.8956595659255981;-0.02678515762090683;0.6132867932319641;0.7549200654029846;-0.007449873257428408;0.6204366683959961;0.8093543648719788;-0.0142026012763381;0.6234520077705383;0.8439157605171204;-0.020750736817717552;0.6257951259613037;0.875148594379425;-0.025752844288945198;0.6316972374916077;0.7350311875343323;-0.0125958900898695;0.6391119360923767;0.7752624750137329;-0.019093848764896393;0.6415438652038574;0.8020625114440918;-0.021759863942861557;0.6427941918373108;0.828644335269928;-0.023514484986662865;solder
0.5878217220306396;0.6134167909622192;2.490206156835484e-07;0.5530277490615845;0.6506805419921875;-0.01423171628266573;0.5270754098892212;0.6992266178131104;-0.019925620406866074;0.5047483444213867;0.7383689284324646;-0.02548564039170742;0.4899669587612152;0.7691812515258789;-0.030728954821825027;0.5651871562004089;0.7648909091949463;-0.0033961916342377663;0.5661429762840271;0.8191524147987366;-0.011655704118311405;0.569226086139679;0.85199373960495;-0.021098773926496506;0.571808397769928;0.8816348314285278;-0.028542516753077507;0.5879172086715698;0.7646589875221252;-0.00461601885035634;0.5923624038696289;0.8242446780204773;-0.011133568361401558;0.5959884524345398;0.8621901273727417;-0.02023429051041603;0.599644124507904;0.8938500881195068;-0.027461009100079536;0.6076951026916504;0.7532253265380859;-0.0083254873752594;0.6136803030967712;0.8086661100387573;-0.015226383693516254;0.6163614392280579;0.8428713083267212;-0.021824676543474197;0.6188734173774719;0.8733209371566772;-0.02693730592727661;0.6261369585990906;0.733055591583252;-0.013884156011044979;0.6329620480537415;0.7737183570861816;-0.02072812244296074;0.6353321671485901;0.8012707233428955;-0.023661451414227486;0.6370133757591248;0.8283449411392212;-0.02565998025238514;0.5878791213035583;0.6133338809013367;2.479712009062496e-07;0.5530218482017517;0.6506646871566772;-0.014022167772054672;0.5270193815231323;0.6991757154464722;-0.019609855487942696;0.5047260522842407;0.7383111715316772;-0.025111714377999306;0.490017294883728;0.7690643072128296;-0.030300088226795197;0.5651843547821045;0.7647935152053833;-0.0031278692185878754;0.566066563129425;0.8190180659294128;-0.011294016614556313;0.5691229701042175;0.8517323732376099;-0.020683154463768005;0.5717018842697144;0.8812869191169739;-0.028093788772821426;0.5879063606262207;0.7646159529685974;-0.004435932729393244;0.5923455357551575;0.8242868185043335;-0.010900171473622322;0.5959091782569885;0.8622564673423767;-0.01998436450958252;0.5995282530784607;0.8939988017082214;-0.027198264375329018;0.6076758503913879;0.7532272934913635;-0.008219495415687561;0.6137070655822754;0.8087401390075684;-0.015071410685777664;0.6163486242294312;0.842921257019043;-0.021649448201060295;0.6188225746154785;0.873370349407196;-0.026753047481179237;0.6260868906974792;0.7331060767173767;-0.013835025019943714;0.6329560279846191;0.7737587094306946;-0.020614732056856155;0.635328471660614;0.8013113141059875;-0.02350946143269539;0.637004017829895;0.8283650279045105;-0.025489501655101776;solder
0.546826958656311;0.6123605966567993;2.160149392693711e-07;0.5127978920936584;0.6482719779014587;-0.013224953785538673;0.48530688881874084;0.6955888867378235;-0.019557083025574684;0.4619697034358978;0.7351378798484802;-0.026152029633522034;0.44546353816986084;0.7675739526748657;-0.03268880024552345;0.5199680328369141;0.7638050317764282;-0.003920943941920996;0.5183670520782471;0.8180054426193237;-0.013409348204731941;0.5196897983551025;0.8497583270072937;-0.023098092526197433;0.5207315683364868;0.8784068822860718;-0.03027517907321453;0.5423855185508728;0.7651159763336182;-0.0057241241447627544;0.5444255471229553;0.8244832158088684;-0.012552480213344097;0.546603798866272;0.8599682450294495;-0.020987963303923607;0.5497000813484192;0.8904532194137573;-0.027523307129740715;0.5620396137237549;0.7547263503074646;-0.009883054532110691;0.5656369924545288;0.8083170652389526;-0.016144081950187683;0.5675297975540161;0.8397985100746155;-0.020998559892177582;0.5700337886810303;0.8682428002357483;-0.024931902065873146;0.5804508328437805;0.7345213294029236;-0.015895772725343704;0.5845534801483154;0.7748094797134399;-0.02095373533666134;0.5852628946304321;0.7995269298553467;-0.021536972373723984;0.5868158936500549;0.8226442337036133;-0.02183442935347557;0.5468683838844299;0.6124094128608704;2.1518145842946979e-07;0.5128175020217896;0.6483211517333984;-0.01324146892875433;0.48531150817871094;0.6956233382225037;-0.019569052383303642;0.4619244337081909;0.7351658344268799;-0.026164084672927856;0.445410817861557;0.7676162123680115;-0.03270465135574341;0.5199006199836731;0.7637851238250732;-0.0038810940459370613;0.5183331370353699;0.8179465532302856;-0.013369575142860413;0.5196864008903503;0.8497008681297302;-0.02307084947824478;0.5207511186599731;0.8783695697784424;-0.03026399575173855;0.5423181653022766;0.7651016116142273;-0.0056812940165400505;0.5443863272666931;0.8244436383247375;-0.012521990574896336;0.5465825796127319;0.8599187731742859;-0.02098645642399788;0.5496904850006104;0.8904232978820801;-0.02754802815616131;0.5619800090789795;0.754732072353363;-0.009842505678534508;0.5655720829963684;0.8083061575889587;-0.016121437773108482;0.5674732327461243;0.8397941589355469;-0.021001799032092094;0.5699824094772339;0.8682727813720703;-0.024955909699201584;0.5804164409637451;0.7345578074455261;-0.015860939398407936;0.5845178961753845;0.7748217582702637;-0.020941302180290222;0.5852380394935608;0.7995303869247437;-0.0215495266020298;0.5868110656738281;0.8226538896560669;-0.021867891773581505;solder
0.36339810490608215;0.6890575885772705;-5.924453461148005e-08;0.3128601312637329;0.7057048678398132;-0.016977012157440186;0.27384763956069946;0.736171543598175;-0.02548380382359028;0.24063429236412048;0.7673057913780212;-0.034241411834955215;0.21790668368339539;0.7966383695602417;-0.04379449039697647;0.3065444231033325;0.813184380531311;-0.008407996036112309;0.302457332611084;0.8656932711601257;-0.018111281096935272;0.30337366461753845;0.8893024325370789;-0.028557781130075455;0.30316728353500366;0.9148702621459961;-0.037626784294843674;0.3334107995033264;0.8162146210670471;-0.009874791838228703;0.33004069328308105;0.8705034852027893;-0.01694902591407299;0.32914116978645325;0.8982763290405273;-0.026705972850322723;0.3284756541252136;0.9247814416885376;-0.03666076064109802;0.3588709831237793;0.8059555292129517;-0.014185281470417976;0.3548537492752075;0.8518170714378357;-0.022424744442105293;0.35407888889312744;0.8783243894577026;-0.029645727947354317;0.3530731797218323;0.9046599864959717;-0.03714653477072716;0.3824652135372162;0.7855014801025391;-0.020675087347626686;0.38210779428482056;0.8175649046897888;-0.027849804610013962;0.37940192222595215;0.8388081789016724;-0.030903805047273636;0.37529799342155457;0.8605911135673523;-0.03515717759728432;0.3425312936306;0.6219990253448486;1.5148147269883339e-07;0.2997038960456848;0.6636176705360413;-0.014161902479827404;0.2663542628288269;0.7145838141441345;-0.02040674351155758;0.23757173120975494;0.7555181980133057;-0.02739604189991951;0.21680748462677002;0.788867175579071;-0.03446207568049431;0.30270129442214966;0.7861289978027344;-0.0022597017232328653;0.30086687207221985;0.8471997976303101;-0.012725756503641605;0.3008412718772888;0.8813847899436951;-0.024331429973244667;0.3005761206150055;0.9131162166595459;-0.033232200890779495;0.3272775411605835;0.7868679761886597;-0.005049766041338444;0.3281566798686981;0.8511500954627991;-0.012738503515720367;0.32889556884765625;0.8908015489578247;-0.02329842746257782;0.3298594057559967;0.9263114333152771;-0.03196846693754196;0.35009825229644775;0.7757568359375;-0.010663165710866451;0.35212448239326477;0.8332467079162598;-0.0180797316133976;0.35249513387680054;0.8684943318367004;-0.023551734164357185;0.35180777311325073;0.9011184573173523;-0.028247741982340813;0.3722575604915619;0.7546699047088623;-0.018519103527069092;0.3768566846847534;0.7966500520706177;-0.0252702534198761;0.3759252429008484;0.824349045753479;-0.026653338223695755;0.37412503361701965;0.8508944511413574;-0.02770024724304676;solder
0.319790244102478;0.610024094581604;-1.0070734646205892e-07;0.269624263048172;0.667490541934967;-0.006573837250471115;0.2360028624534607;0.7274095416069031;-0.011475912295281887;0.20698584616184235;0.772337794303894;-0.01941254734992981;0.18665975332260132;0.8099768757820129;-0.02780894562602043;0.2707225978374481;0.8155482411384583;0.006089872680604458;0.26955556869506836;0.888409435749054;-0.006881728768348694;0.26958775520324707;0.915256679058075;-0.021971257403492928;0.26865577697753906;0.9395020008087158;-0.033496953547000885;0.29738497734069824;0.807835042476654;-0.0028285207226872444;0.29538050293922424;0.8779090046882629;-0.013179486617445946;0.29289335012435913;0.9076720476150513;-0.02675507962703705;0.2902122437953949;0.9334096312522888;-0.03860940411686897;0.32235899567604065;0.7895093560218811;-0.014629105105996132;0.3205984830856323;0.8522561192512512;-0.024372875690460205;0.3169354796409607;0.8829131126403809;-0.030038516968488693;0.31208187341690063;0.9097508788108826;-0.03614431619644165;0.34660983085632324;0.7628312110900879;-0.028298085555434227;0.34630492329597473;0.8103852868080139;-0.03527691960334778;0.34001341462135315;0.8354047536849976;-0.0352482832968235;0.3318655490875244;0.8590711951255798;-0.036610569804906845;0.30996763706207275;0.6436221599578857;3.3044261726900004e-07;0.2693394720554352;0.6832537055015564;-0.014004160650074482;0.23620395362377167;0.7334378957748413;-0.02213161811232567;0.20801758766174316;0.7709155082702637;-0.030617164447903633;0.18640297651290894;0.8034482598304749;-0.03983549028635025;0.2743457555770874;0.8049142360687256;-0.00924196932464838;0.2716297209262848;0.8652554750442505;-0.02260703407227993;0.27020883560180664;0.9020950198173523;-0.035027455538511276;0.26867666840553284;0.935614824295044;-0.044089656323194504;0.29720473289489746;0.8014913201332092;-0.013314164243638515;0.2947821319103241;0.8659817576408386;-0.02405618503689766;0.29198014736175537;0.9047602415084839;-0.035080794245004654;0.2890714108943939;0.9399358630180359;-0.04375622048974037;0.31936052441596985;0.7859591841697693;-0.019820980727672577;0.3197629153728485;0.8430927991867065;-0.030521858483552933;0.31403353810310364;0.8735837340354919;-0.03621995076537132;0.3064098358154297;0.901065468788147;-0.040491990745067596;0.34211042523384094;0.7612537145614624;-0.028266599401831627;0.34550851583480835;0.8058587908744812;-0.03732207044959068;0.3379773199558258;0.8303175568580627;-0.03900258243083954;0.3280927240848541;0.8518479466438293;-0.03998469561338425;solder
0.21619777381420135;0.6054641008377075;2.7654422751766106e-07;0.16312524676322937;0.6384211182594299;-0.008241179399192333;0.11745145916938782;0.6834444403648376;-0.014127968810498714;0.07884872704744339;0.7134173512458801;-0.02356821857392788;0.05293554812669754;0.7438711524009705;-0.032709378749132156;0.1438024789094925;0.7601824998855591;-0.006169564090669155;0.12069395929574966;0.8202846646308899;-0.02231637015938759;0.10553383827209473;0.8557953834533691;-0.03386934474110603;0.09267894923686981;0.8884652256965637;-0.04134788364171982;0.16731014847755432;0.7651430368423462;-0.01532819215208292;0.13982151448726654;0.831425666809082;-0.03350815922021866;0.11615516245365143;0.8647595047950745;-0.045117396861314774;0.09790436923503876;0.8946924209594727;-0.051923979073762894;0.193681001663208;0.7581539750099182;-0.026480818167328835;0.1664324402809143;0.800979495048523;-0.05230012163519859;0.15031544864177704;0.7595507502555847;-0.05533037334680557;0.1446390151977539;0.7233355641365051;-0.05070875212550163;0.21952807903289795;0.7400009632110596;-0.038424428552389145;0.19379457831382751;0.774276614189148;-0.05637481436133385;0.17578230798244476;0.7481599450111389;-0.05462943762540817;0.1673942506313324;0.7181001901626587;-0.04929816722869873;0.2279885709285736;0.6120411157608032;4.273508409369242e-07;0.1775972545146942;0.6396844983100891;-0.009063932113349438;0.1348995864391327;0.6824199557304382;-0.01566620171070099;0.10351567715406418;0.7128265500068665;-0.02637563832104206;0.08099201321601868;0.7376337647438049;-0.03737998381257057;0.15403451025485992;0.7581983804702759;-0.0013293464435264468;0.1299247443675995;0.8149558305740356;-0.017837494611740112;0.11459218710660934;0.8510138988494873;-0.02982856146991253;0.10116314888000488;0.8841911554336548;-0.03731302171945572;0.17437316477298737;0.7651584148406982;-0.009208844974637032;0.14511699974536896;0.8252342939376831;-0.027742233127355576;0.11809299141168594;0.8595109581947327;-0.03989698365330696;0.09611727297306061;0.8867427706718445;-0.04616985470056534;0.20022496581077576;0.7595793008804321;-0.01956150494515896;0.17125797271728516;0.8010073900222778;-0.04638466611504555;0.15599894523620605;0.7614370584487915;-0.05009404197335243;0.15009315311908722;0.7248354554176331;-0.044811397790908813;0.22639679908752441;0.7429755926132202;-0.030673662200570107;0.19962434470653534;0.7743091583251953;-0.05066037178039551;0.18115758895874023;0.7474514842033386;-0.04874545708298683;0.17333495616912842;0.7173764109611511;-0.04204379394650459;solder
0.18890750408172607;0.6085155010223389;5.113658403388399e-07;0.1377706676721573;0.628472626209259;-0.01312119048088789;0.08781280368566513;0.6718304753303528;-0.020883778110146523;0.04724298417568207;0.6999660730361938;-0.031460169702768326;0.020458564162254333;0.729788601398468;-0.04171343520283699;0.11287002265453339;0.7519541382789612;-0.006858689710497856;0.08823306858539581;0.8103513121604919;-0.023322291672229767;0.07175273448228836;0.847649335861206;-0.034391582012176514;0.05800197273492813;0.8814330697059631;-0.04095463827252388;0.13544055819511414;0.7596166133880615;-0.012762729078531265;0.10626093298196793;0.8227500915527344;-0.03280623257160187;0.07811503857374191;0.8573731184005737;-0.04456355422735214;0.05576997995376587;0.8888522982597351;-0.0500171035528183;0.1638091504573822;0.7553969621658325;-0.021065114066004753;0.13485826551914215;0.7950961589813232;-0.050352007150650024;0.1253875494003296;0.7456491589546204;-0.051301777362823486;0.12503299117088318;0.7074837684631348;-0.04297145828604698;0.19210439920425415;0.7408936023712158;-0.03032892756164074;0.16393133997917175;0.770853579044342;-0.051383670419454575;0.14970692992210388;0.7368935942649841;-0.047500599175691605;0.1464085429906845;0.7053213715553284;-0.03878447413444519;0.1875595897436142;0.6116425395011902;4.875030299444916e-07;0.13602200150489807;0.6297893524169922;-0.011602302081882954;0.08766750246286392;0.6727254390716553;-0.018791519105434418;0.04833032190799713;0.7011341452598572;-0.02921208180487156;0.020220443606376648;0.7283912897109985;-0.039713937789201736;0.11041887104511261;0.7531228065490723;-0.0075106555595994;0.08562381565570831;0.8095324039459229;-0.024088047444820404;0.07013386487960815;0.8485316038131714;-0.034847985953092575;0.05707164853811264;0.8833162784576416;-0.0412677638232708;0.13419078290462494;0.7618418335914612;-0.014468851499259472;0.1048157811164856;0.8219901323318481;-0.03502349555492401;0.07915431261062622;0.8588643670082092;-0.0472467839717865;0.05877936631441116;0.8921018838882446;-0.05293029174208641;0.16258279979228973;0.7582559585571289;-0.023518627509474754;0.13538801670074463;0.7943913340568542;-0.05438416823744774;0.125674769282341;0.744270384311676;-0.05682269483804703;0.12414219230413437;0.7048937678337097;-0.04906351491808891;0.1907454878091812;0.7431094646453857;-0.033225167542696;0.16455283761024475;0.7722336053848267;-0.05553033947944641;0.15074531733989716;0.7373992204666138;-0.05266391485929489;0.14674781262874603;0.7037615180015564;-0.04440879449248314;solder
0.1910630613565445;0.6206687092781067;5.269054099699133e-07;0.138920396566391;0.6387531161308289;-0.01393615361303091;0.0904676765203476;0.6817222833633423;-0.020749203860759735;0.04999338090419769;0.7116029262542725;-0.030083665624260902;0.02373475581407547;0.7417119145393372;-0.03887048363685608;0.11597678065299988;0.7602396607398987;-0.005155737046152353;0.0904996246099472;0.817400336265564;-0.02094564214348793;0.07433482259511948;0.8564628958702087;-0.031712405383586884;0.06066899374127388;0.8921130895614624;-0.03831156715750694;0.139688178896904;0.7691877484321594;-0.010682175867259502;0.11036047339439392;0.8306918740272522;-0.03171997517347336;0.08457285910844803;0.8677230477333069;-0.04488787800073624;0.06402012705802917;0.9008877277374268;-0.05116605386137962;0.16742023825645447;0.7661582231521606;-0.018703337758779526;0.139937624335289;0.8023574948310852;-0.049803268164396286;0.1310795694589615;0.7535850405693054;-0.05249335989356041;0.13032947480678558;0.7155055999755859;-0.044789381325244904;0.1944350004196167;0.7529668807983398;-0.02767029218375683;0.16734865307807922;0.7797566056251526;-0.05018432438373566;0.15543963015079498;0.7447288036346436;-0.047861021012067795;0.15306052565574646;0.713069498538971;-0.039998751133680344;0.18993744254112244;0.6217905282974243;5.270444489724468e-07;0.13902191817760468;0.638701856136322;-0.014392041601240635;0.09090236574411392;0.6818684339523315;-0.02147195115685463;0.05060316622257233;0.712042510509491;-0.030994415283203125;0.02463899552822113;0.7420834898948669;-0.040010351687669754;0.11591177433729172;0.7608627080917358;-0.006365253124386072;0.0906209647655487;0.8179154396057129;-0.022577950730919838;0.0746067613363266;0.8567249774932861;-0.03359692543745041;0.060965780168771744;0.8922197222709656;-0.04039542004466057;0.1396520435810089;0.7696012854576111;-0.011832027696073055;0.11076035350561142;0.8307524919509888;-0.033246640115976334;0.08496958017349243;0.8675513863563538;-0.04664500430226326;0.06432715058326721;0.9005941152572632;-0.05312423035502434;0.16744323074817657;0.766406238079071;-0.019772781059145927;0.14015421271324158;0.8030677437782288;-0.051136989146471024;0.1309448480606079;0.7538108825683594;-0.053932469338178635;0.1299641877412796;0.7152376174926758;-0.04635462537407875;0.19468721747398376;0.7530899047851562;-0.02870284952223301;0.16804857552051544;0.7793666124343872;-0.05161428079009056;0.1557210087776184;0.7447922825813293;-0.049664199352264404;0.15307068824768066;0.7134655117988586;-0.04208306968212128;solder
0.389758825302124;0.7862666845321655;6.006717399031913e-07;0.3132272958755493;0.781595766544342;-0.014134140685200691;0.24755311012268066;0.8144745230674744;-0.006707182619720697;0.20372578501701355;0.8345059752464294;0.005132090300321579;0.17416813969612122;0.8688833117485046;0.019777946174144745;0.2895070016384125;0.9176564812660217;0.03805336356163025;0.2629692852497101;0.9640490412712097;0.070457324385643;0.24355478584766388;0.9792401790618896;0.0881415605545044;0.231713205575943;0.9882358312606812;0.09845500439405441;0.31839680671691895;0.9225460290908813;0.05577368661761284;0.2898171842098236;0.9522432684898376;0.09408554434776306;0.26692911982536316;0.9496918320655823;0.10745932906866074;0.2504572868347168;0.9457259178161621;0.11353512108325958;0.341202974319458;0.9186704158782959;0.07126273214817047;0.3092438280582428;0.9407881498336792;0.10214873403310776;0.28763940930366516;0.9433813691139221;0.11413085460662842;0.2717857360839844;0.938473641872406;0.1194298267364502;0.3507204055786133;0.9011508226394653;0.08438640087842941;0.3190602660179138;0.9245352745056152;0.10990482568740845;0.2971886396408081;0.9267579317092896;0.12463751435279846;0.2839658558368683;0.9239964485168457;0.1342887431383133;0.3066018521785736;0.4769071340560913;3.0312594390125014e-07;0.26669642329216003;0.518440306186676;-0.0168306864798069;0.23190167546272278;0.5643957257270813;-0.02436676248908043;0.20123779773712158;0.6038345694541931;-0.033480189740657806;0.18152087926864624;0.6338251233100891;-0.04235617443919182;0.2648368179798126;0.6307898759841919;-0.005726323928683996;0.2626563012599945;0.6913104057312012;-0.01861577481031418;0.26334893703460693;0.7260698080062866;-0.028720496222376823;0.26253610849380493;0.7587217688560486;-0.03467449173331261;0.29019638895988464;0.6302874088287354;-0.0073081254959106445;0.2833482623100281;0.6944099068641663;-0.02196340076625347;0.27808406949043274;0.7314024567604065;-0.032544516026973724;0.27246999740600586;0.7593559622764587;-0.03813838213682175;0.3151857852935791;0.61837238073349;-0.011625216342508793;0.30790525674819946;0.659171462059021;-0.03429532051086426;0.299113392829895;0.6275888681411743;-0.03944610431790352;0.2923754155635834;0.5919191241264343;-0.0358792282640934;0.3394234776496887;0.6005105972290039;-0.01733565703034401;0.3312233090400696;0.635450005531311;-0.03283916413784027;0.32120469212532043;0.6163928508758545;-0.03181605786085129;0.313835471868515;0.588736355304718;-0.02658085711300373;solder
0.3488210439682007;0.36494261026382446;1.1299938762476813e-07;0.3138693869113922;0.40806931257247925;-0.013654882088303566;0.28509750962257385;0.4527178406715393;-0.01826517842710018;0.25784164667129517;0.4921959936618805;-0.024898765608668327;0.23898395895957947;0.5229935050010681;-0.03137345612049103;0.31618931889533997;0.5057105422019958;0.003321137512102723;0.32172587513923645;0.5572507977485657;-0.004789336118847132;0.32890117168426514;0.5863341093063354;-0.012867786921560764;0.33317285776138306;0.6145944595336914;-0.01859685406088829;0.34107357263565063;0.5018253922462463;0.0014762275386601686;0.34736692905426025;0.5517239570617676;-0.009188241325318813;0.3509487509727478;0.5767411589622498;-0.018523083999753;0.35229283571243286;0.5979040861129761;-0.02431112341582775;0.363929808139801;0.48816075921058655;-0.0031744763255119324;0.37235090136528015;0.5256291031837463;-0.020995786413550377;0.3670862913131714;0.49576473236083984;-0.024096082895994186;0.36033445596694946;0.4646747410297394;-0.021072015166282654;0.38560575246810913;0.4707212448120117;-0.009409001097083092;0.3900960087776184;0.5054019093513489;-0.022165535017848015;0.3848136365413666;0.4911271333694458;-0.02112160436809063;0.37769919633865356;0.4709126055240631;-0.01725248247385025;0.34843751788139343;0.36555469036102295;1.7782994632398186e-07;0.31450891494750977;0.40304070711135864;-0.01683858223259449;0.2856213450431824;0.45025503635406494;-0.022395726293325424;0.25916609168052673;0.48957714438438416;-0.02890833467245102;0.2403530776500702;0.5198288559913635;-0.03507782891392708;0.3150947391986847;0.5055029988288879;-0.0009896054398268461;0.3205982744693756;0.558135449886322;-0.009206723421812057;0.32780909538269043;0.5868126153945923;-0.016535256057977676;0.3333069384098053;0.6151094436645508;-0.021713269874453545;0.3395512104034424;0.5027302503585815;-0.0006175252492539585;0.34590622782707214;0.5527346730232239;-0.011556463316082954;0.35054975748062134;0.5804048776626587;-0.02054007351398468;0.3532393276691437;0.6038368344306946;-0.02569221705198288;0.3623000681400299;0.48892438411712646;-0.003194541437551379;0.37246692180633545;0.5258631110191345;-0.022589772939682007;0.36636239290237427;0.4947584569454193;-0.026910753920674324;0.35892701148986816;0.4652897119522095;-0.023753490298986435;0.38373684883117676;0.4715006947517395;-0.007178197149187326;0.3910277783870697;0.5052687525749207;-0.02173677459359169;0.3850550055503845;0.48949483036994934;-0.021688342094421387;0.37690526247024536;0.47047996520996094;-0.017795223742723465;solder
0.363012433052063;0.3364166021347046;1.6265904889678495e-07;0.33142951130867004;0.3779985308647156;-0.019011707976460457;0.3029356896877289;0.4241711497306824;-0.022463824599981308;0.2783567011356354;0.46367788314819336;-0.025467757135629654;0.2627752423286438;0.49307939410209656;-0.02798800729215145;0.3263741433620453;0.47398409247398376;0.0025947887916117907;0.33298376202583313;0.5214686393737793;-0.004045688081532717;0.34208986163139343;0.5492667555809021;-0.012046242132782936;0.3496444821357727;0.5749256610870361;-0.017934178933501244;0.3508930206298828;0.47273483872413635;0.00641958974301815;0.3580188751220703;0.5191614627838135;-0.0057954550720751286;0.3676588535308838;0.5414185523986816;-0.017919879406690598;0.37658748030662537;0.5573950409889221;-0.02417094074189663;0.3725971579551697;0.46015673875808716;0.007277193479239941;0.38733065128326416;0.496497243642807;-0.011495920829474926;0.3882889449596405;0.46927323937416077;-0.018757352605462074;0.3846667408943176;0.4399229884147644;-0.017417199909687042;0.39089640974998474;0.4429267942905426;0.006517989560961723;0.3971387445926666;0.4706833064556122;-0.008233387023210526;0.3956230878829956;0.4623670279979706;-0.011780844070017338;0.38965877890586853;0.44905179738998413;-0.010403835214674473;0.3630335032939911;0.3367973268032074;1.5195035985016148e-07;0.33074894547462463;0.3778880834579468;-0.018799951300024986;0.30303019285202026;0.4243219792842865;-0.02240225486457348;0.2784690260887146;0.4643357992172241;-0.02579561620950699;0.2622683644294739;0.49350646138191223;-0.02880786545574665;0.32551392912864685;0.4742487370967865;0.0027829594910144806;0.3323870003223419;0.5217285752296448;-0.004622527398169041;0.34185296297073364;0.5492402911186218;-0.013186071068048477;0.3498718738555908;0.5743895769119263;-0.019539475440979004;0.35047170519828796;0.47373947501182556;0.006136799696832895;0.35785359144210815;0.5200909972190857;-0.006445490289479494;0.367214173078537;0.5418614149093628;-0.018597088754177094;0.3760607838630676;0.557734489440918;-0.025014007464051247;0.37290453910827637;0.4609045088291168;0.006429609376937151;0.3872755169868469;0.498864084482193;-0.01304774172604084;0.3879534602165222;0.47054582834243774;-0.020115619525313377;0.38435816764831543;0.4402781128883362;-0.018660953268408775;0.39183637499809265;0.44251957535743713;0.005117037333548069;0.3991518020629883;0.4698368310928345;-0.010749105364084244;0.3977154791355133;0.46010780334472656;-0.014529483392834663;0.3916761577129364;0.4456571042537689;-0.013187745586037636;solder
0.34167909622192383;0.35125240683555603;1.9462946454495977e-07;0.3104199767112732;0.39083337783813477;-0.01776539720594883;0.282848596572876;0.4357260465621948;-0.020802265033125877;0.258123517036438;0.47432398796081543;-0.02398919314146042;0.2414269745349884;0.5051699280738831;-0.026327047497034073;0.3044840693473816;0.4857732057571411;0.011267483234405518;0.3086106777191162;0.5315825939178467;0.006803490221500397;0.31751829385757446;0.5567583441734314;-0.001124890404753387;0.3265515863895416;0.5777089595794678;-0.006764168385416269;0.32681992650032043;0.4847630262374878;0.014980561099946499;0.33207011222839355;0.5272176265716553;0.005797152873128653;0.3420235216617584;0.5451693534851074;-0.006178754381835461;0.3522587716579437;0.5544283390045166;-0.012535701505839825;0.34772488474845886;0.47383442521095276;0.015184340067207813;0.3590148389339447;0.5119315385818481;-5.586881889030337e-05;0.3595394194126129;0.4855540096759796;-0.0072511108592152596;0.3570398688316345;0.45577991008758545;-0.006739901378750801;0.36701011657714844;0.4594011902809143;0.013607383705675602;0.37549257278442383;0.49245908856391907;0.0010549185099080205;0.3755107522010803;0.48157984018325806;-0.0018446239409968257;0.3707732856273651;0.4628337621688843;-0.0002340515929972753;0.34143316745758057;0.3503589630126953;1.9535926298885897e-07;0.31068798899650574;0.39063844084739685;-0.0180903822183609;0.28312233090400696;0.43550220131874084;-0.021209770813584328;0.25820982456207275;0.4739648103713989;-0.024373551830649376;0.2416972666978836;0.5053728222846985;-0.026668108999729156;0.30439847707748413;0.48533493280410767;0.011387662962079048;0.30846479535102844;0.5310439467430115;0.0071622454561293125;0.3172147274017334;0.5565114617347717;-0.0007637981325387955;0.32612431049346924;0.5777130126953125;-0.006515408866107464;0.32637012004852295;0.48422887921333313;0.015229582786560059;0.33164939284324646;0.5264193415641785;0.006307982373982668;0.34158411622047424;0.5449814200401306;-0.005795024335384369;0.3518809974193573;0.5548202395439148;-0.012375670485198498;0.34718799591064453;0.47302985191345215;0.01551754493266344;0.3580012321472168;0.5116162896156311;0.0004343255131971091;0.35846850275993347;0.48546507954597473;-0.006960648577660322;0.3562159240245819;0.45621687173843384;-0.006741848774254322;0.36641839146614075;0.45833128690719604;0.013997293077409267;0.3745778501033783;0.49176838994026184;0.0013508095871657133;0.3745718002319336;0.4804866909980774;-0.0017169393831864;0.3700002431869507;0.4615863859653473;-0.0003019939467776567;solder
0.34632542729377747;0.3393065929412842;1.1899135898829627e-07;0.3170458972454071;0.37616977095603943;-0.02160639688372612;0.29209116101264954;0.4216788411140442;-0.02530752681195736;0.269625723361969;0.46014973521232605;-0.027680620551109314;0.252189576625824;0.4912378787994385;-0.0289419274777174;0.30920901894569397;0.4746885895729065;0.00782221183180809;0.31334105134010315;0.515084981918335;0.003401238238438964;0.32276877760887146;0.5391983389854431;-0.004729676991701126;0.3324122130870819;0.5601391196250916;-0.010765249840915203;0.33130523562431335;0.47362691164016724;0.013595075346529484;0.3367432951927185;0.5120440721511841;0.003169800853356719;0.347095787525177;0.5276848077774048;-0.009403456002473831;0.3588235378265381;0.5359945893287659;-0.015662189573049545;0.35211390256881714;0.46307697892189026;0.01566658727824688;0.3651179373264313;0.49798789620399475;-0.0011450439924374223;0.3625655174255371;0.4705452024936676;-0.009508754126727581;0.35855740308761597;0.4410037696361542;-0.009317775256931782;0.3706899881362915;0.45058673620224;0.015826081857085228;0.3795924782752991;0.4818027913570404;0.0018506307387724519;0.3777390122413635;0.47071483731269836;-0.0021914246026426554;0.3717910647392273;0.4537025988101959;-0.0012504586484283209;0.3465386629104614;0.3394557535648346;1.1314556758179606e-07;0.3171467185020447;0.3761935234069824;-0.02111084945499897;0.2918723225593567;0.421951562166214;-0.02479625679552555;0.2693082392215729;0.46060121059417725;-0.027270536869764328;0.2518802285194397;0.4915596842765808;-0.028669796884059906;0.309248685836792;0.47453373670578003;0.007594478782266378;0.31333673000335693;0.5150258541107178;0.002748561091721058;0.32272619009017944;0.5388590693473816;-0.00557743152603507;0.33229097723960876;0.5597530603408813;-0.011725099757313728;0.3313223421573639;0.4736391603946686;0.013016774319112301;0.3366537094116211;0.5122803449630737;0.0021427269093692303;0.34690383076667786;0.5277749300003052;-0.010445527732372284;0.35854804515838623;0.5360937118530273;-0.01665414683520794;0.3520318865776062;0.46321865916252136;0.01480337418615818;0.365079402923584;0.49803799390792847;-0.002198204630985856;0.3624752163887024;0.4706186056137085;-0.010257107205688953;0.3584965467453003;0.44112148880958557;-0.009833904914557934;0.3705172538757324;0.45061206817626953;0.014713943004608154;0.37942034006118774;0.48160749673843384;0.0005994899547658861;0.37746095657348633;0.46966803073883057;-0.003196483012288809;0.3715549111366272;0.4518078565597534;-0.0020218563731759787;solder
0.3936987817287445;0.4318103492259979;-1.9465511513772071e-07;0.358890175819397;0.43613338470458984;-0.015761256217956543;0.3327227234840393;0.4667821526527405;-0.021706273779273033;0.3125075101852417;0.4966975450515747;-0.026757974177598953;0.3031378388404846;0.5227656364440918;-0.03220653906464577;0.35783645510673523;0.516342043876648;-0.011521563865244389;0.3610706627368927;0.5514346361160278;-0.019208211451768875;0.3696237802505493;0.5587412714958191;-0.028399672359228134;0.3775385618209839;0.5668324828147888;-0.03563780337572098;0.38186582922935486;0.5154504776000977;-0.00974260363727808;0.3907122015953064;0.5496413707733154;-0.01834273524582386;0.39431068301200867;0.5516790747642517;-0.02708086185157299;0.3973921537399292;0.5481396317481995;-0.03470539674162865;0.40172600746154785;0.5063605308532715;-0.009690593928098679;0.4147302508354187;0.5349792838096619;-0.020877724513411522;0.41500329971313477;0.5217453837394714;-0.026940252631902695;0.41353002190589905;0.5051326751708984;-0.031192835420370102;0.41963130235671997;0.49298983812332153;-0.010833845473825932;0.42844510078430176;0.512157142162323;-0.020295526832342148;0.4261636435985565;0.4987400472164154;-0.022589286789298058;0.4208082854747772;0.4794779419898987;-0.024437637999653816;0.39185234904289246;0.35630345344543457;1.7781478334200074e-07;0.35815244913101196;0.3976220488548279;-0.01351931318640709;0.33282023668289185;0.44349902868270874;-0.014589923433959484;0.31276801228523254;0.4796577990055084;-0.015742911025881767;0.301353394985199;0.5087393522262573;-0.016685381531715393;0.3577754497528076;0.4852270781993866;0.009446888230741024;0.36241182684898376;0.5275989770889282;0.006473443005234003;0.37003040313720703;0.5508550405502319;0.00030062231235206127;0.37886178493499756;0.5712606310844421;-0.00400509312748909;0.3793836236000061;0.48366501927375793;0.01153142936527729;0.38450247049331665;0.5242080092430115;0.00404930068179965;0.39371663331985474;0.5371422171592712;-0.006103168241679668;0.40497568249702454;0.5420672297477722;-0.011027416214346886;0.39911890029907227;0.4735190272331238;0.01104393508285284;0.41029971837997437;0.5024970769882202;-6.787494930904359e-05;0.40920859575271606;0.4801899194717407;-0.005506226792931557;0.4062216281890869;0.45560744404792786;-0.004701175261288881;0.41681599617004395;0.45835939049720764;0.009094517678022385;0.4222267270088196;0.4865335524082184;0.0022090475540608168;0.4195992350578308;0.48062771558761597;0.0021516152191907167;0.4143918752670288;0.46860310435295105;0.004717360250651836;solder
0.4196919798851013;0.37898340821266174;9.579104442991593e-08;0.38975563645362854;0.40838584303855896;-0.015956183895468712;0.3658103048801422;0.45190006494522095;-0.018526745960116386;0.346686452627182;0.4892602860927582;-0.020815139636397362;0.334086149930954;0.519991934299469;-0.02306998148560524;0.39002010226249695;0.4969390034675598;0.00605800049379468;0.3956175446510315;0.5374554991722107;0.0016536705661565065;0.4038451015949249;0.5602986216545105;-0.005124851129949093;0.4117144048213959;0.5797833800315857;-0.01001549232751131;0.41099298000335693;0.4954088032245636;0.008317343890666962;0.41668304800987244;0.5337424874305725;-0.001090408070012927;0.42526084184646606;0.5450202226638794;-0.01275280024856329;0.4338497221469879;0.5486011505126953;-0.018615612760186195;0.43055593967437744;0.48561617732048035;0.00785024743527174;0.43871745467185974;0.5152090787887573;-0.006280168890953064;0.43888741731643677;0.49180856347084045;-0.013981478288769722;0.43619340658187866;0.46757522225379944;-0.01426455844193697;0.4488988220691681;0.4709603786468506;0.005986413918435574;0.45492368936538696;0.4995139539241791;-0.004805775824934244;0.4533945620059967;0.48940545320510864;-0.007288917899131775;0.4478631913661957;0.4731646180152893;-0.005869435146450996;0.4225592613220215;0.36306342482566833;1.9970623554854683e-07;0.39056146144866943;0.40430426597595215;-0.017189940437674522;0.3666978180408478;0.44997483491897583;-0.019314484670758247;0.34741315245628357;0.48860597610473633;-0.02080157957971096;0.33428964018821716;0.5208008289337158;-0.021632451564073563;0.38915181159973145;0.49432551860809326;0.010029028169810772;0.3946937024593353;0.5344222784042358;0.007647818885743618;0.40299081802368164;0.5577659010887146;0.0009987467201426625;0.4113168716430664;0.5792920589447021;-0.00414802972227335;0.4112875461578369;0.49254465103149414;0.01418817788362503;0.4166569411754608;0.5308321714401245;0.007452882826328278;0.4249001443386078;0.5453909635543823;-0.0032572008203715086;0.43366339802742004;0.5520514845848083;-0.00904744490981102;0.43195870518684387;0.48181721568107605;0.015208086930215359;0.4422639012336731;0.5133520364761353;0.004065366927534342;0.4402487874031067;0.4917445182800293;-0.002229205099865794;0.436286062002182;0.46701130270957947;-0.0022117067128419876;0.45039457082748413;0.46707433462142944;0.0144447460770607;0.4570063352584839;0.4958292841911316;0.005887853447347879;0.4541587829589844;0.48903027176856995;0.003999061416834593;0.4477265477180481;0.4758272171020508;0.0054672290571033955;solder
